{
  "project_info": {
    "project_number": "21280607729",
    "firebase_url": "https://e-waste-management-syste-1ed71-default-rtdb.firebaseio.com",
    "project_id": "e-waste-management-syste-1ed71",
    "storage_bucket": "e-waste-management-syste-1ed71.appspot.com"
  },
  "client": [
    {
      "client_info": {
        "mobilesdk_app_id": "1:21280607729:android:83575e6324a9baf183c850",
        "android_client_info": {
          "package_name": "com.example.e3"
        }
      },
      "oauth_client": [
        {
          "client_id": "21280607729-1so27ks684v1ar67k698qhcglu204qs2.apps.googleusercontent.com",
          "client_type": 3
        }
      ],
      "api_key": [
        {
          "current_key": "AIzaSyBB3jr8vTtip-Hdb2gSDOf97W97qaqGrps"
        }
      ],
      "services": {
        "appinvite_service": {
          "other_platform_oauth_client": [
            {
              "client_id": "21280607729-1so27ks684v1ar67k698qhcglu204qs2.apps.googleusercontent.com",
              "client_type": 3
            }
          ]
        }
      }
    },
    {
      "client_info": {
        "mobilesdk_app_id": "1:21280607729:android:3b4dd800c2c1df0a83c850",
        "android_client_info": {
          "package_name": "com.example.e_wastemanagement"
        }
      },
      "oauth_client": [
        {
          "client_id": "21280607729-1so27ks684v1ar67k698qhcglu204qs2.apps.googleusercontent.com",
          "client_type": 3
        }
      ],
      "api_key": [
        {
          "current_key": "AIzaSyBB3jr8vTtip-Hdb2gSDOf97W97qaqGrps"
        }
      ],
      "services": {
        "appinvite_service": {
          "other_platform_oauth_client": [
            {
              "client_id": "21280607729-1so27ks684v1ar67k698qhcglu204qs2.apps.googleusercontent.com",
              "client_type": 3
            }
          ]
        }
      }
    }
  ],
  "configuration_version": "1"
}